﻿id,team1,team2,winner
0,Mumbai Indians,Rising Pune Supergiants,Rising Pune Supergiants
1,Kolkata Knight Riders,Delhi Daredevils,Kolkata Knight Riders
2,Kings XI Punjab,Gujarat Lions,Gujarat Lions
3,Royal Challengers Bangalore,Sunrisers Hyderabad,Royal Challengers Bangalore
4,Kolkata Knight Riders,Mumbai Indians,Mumbai Indians
5,Gujarat Lions,Rising Pune Supergiants,Gujarat Lions
6,Delhi Daredevils,Kings XI Punjab,Delhi Daredevils
7,Sunrisers Hyderabad,Kolkata Knight Riders,Kolkata Knight Riders
8,Mumbai Indians,Gujarat Lions,Gujarat Lions
9,Kings XI Punjab,Rising Pune Supergiants,Kings XI Punjab
10,Royal Challengers Bangalore,Delhi Daredevils,Delhi Daredevils
11,Sunrisers Hyderabad,Mumbai Indians,Sunrisers Hyderabad
12,Kings XI Punjab,Kolkata Knight Riders,Kolkata Knight Riders
13,Mumbai Indians,Royal Challengers Bangalore,Mumbai Indians
14,Gujarat Lions,Sunrisers Hyderabad,Sunrisers Hyderabad
15,Rising Pune Supergiants,Royal Challengers Bangalore,Royal Challengers Bangalore
16,Delhi Daredevils,Mumbai Indians,Delhi Daredevils
17,Sunrisers Hyderabad,Kings XI Punjab,Sunrisers Hyderabad
18,Gujarat Lions,Royal Challengers Bangalore,Gujarat Lions
19,Rising Pune Supergiants,Kolkata Knight Riders,Kolkata Knight Riders
20,Kings XI Punjab,Mumbai Indians,Mumbai Indians
21,Sunrisers Hyderabad,Rising Pune Supergiants,Rising Pune Supergiants
22,Delhi Daredevils,Gujarat Lions,Gujarat Lions
23,Mumbai Indians,Kolkata Knight Riders,Mumbai Indians
24,Rising Pune Supergiants,Gujarat Lions,Gujarat Lions
25,Delhi Daredevils,Kolkata Knight Riders,Delhi Daredevils
26,Sunrisers Hyderabad,Royal Challengers Bangalore,Sunrisers Hyderabad
27,Gujarat Lions,Kings XI Punjab,Kings XI Punjab
28,Rising Pune Supergiants,Mumbai Indians,Mumbai Indians
29,Royal Challengers Bangalore,Kolkata Knight Riders,Kolkata Knight Riders
30,Gujarat Lions,Delhi Daredevils,Delhi Daredevils
31,Kolkata Knight Riders,Kings XI Punjab,Kolkata Knight Riders
32,Delhi Daredevils,Rising Pune Supergiants,Rising Pune Supergiants
33,Sunrisers Hyderabad,Gujarat Lions,Sunrisers Hyderabad
34,Royal Challengers Bangalore,Rising Pune Supergiants,Royal Challengers Bangalore
35,Kings XI Punjab,Delhi Daredevils,Kings XI Punjab
36,Mumbai Indians,Sunrisers Hyderabad,Sunrisers Hyderabad
37,Kolkata Knight Riders,Gujarat Lions,Gujarat Lions
38,Kings XI Punjab,Royal Challengers Bangalore,Royal Challengers Bangalore
39,Rising Pune Supergiants,Sunrisers Hyderabad,Sunrisers Hyderabad
40,Royal Challengers Bangalore,Mumbai Indians,Mumbai Indians
41,Sunrisers Hyderabad,Delhi Daredevils,Delhi Daredevils
42,Mumbai Indians,Kings XI Punjab,Kings XI Punjab
43,Royal Challengers Bangalore,Gujarat Lions,Royal Challengers Bangalore
44,Kolkata Knight Riders,Rising Pune Supergiants,Kolkata Knight Riders
45,Kings XI Punjab,Sunrisers Hyderabad,Sunrisers Hyderabad
46,Mumbai Indians,Delhi Daredevils,Mumbai Indians
47,Kolkata Knight Riders,Royal Challengers Bangalore,Royal Challengers Bangalore
48,Rising Pune Supergiants,Delhi Daredevils,Rising Pune Supergiants
49,Royal Challengers Bangalore,Kings XI Punjab,Royal Challengers Bangalore
50,Gujarat Lions,Kolkata Knight Riders,Gujarat Lions
51,Delhi Daredevils,Sunrisers Hyderabad,Delhi Daredevils
52,Rising Pune Supergiants,Kings XI Punjab,Rising Pune Supergiants
53,Gujarat Lions,Mumbai Indians,Gujarat Lions
54,Kolkata Knight Riders,Sunrisers Hyderabad,Kolkata Knight Riders
55,Delhi Daredevils,Royal Challengers Bangalore,Royal Challengers Bangalore
